name,value
Abyssal Brass Ingot,465000
Abyssal Essence,610000
Acacia Plank,14400
Acacia Plywood,47900
Acacia Sap,9900
Acacia Seed,4980
Acacia Timber,2520
Agerian Armor,36200
Agerian Gloves,18800
Agerian Helmet,37500
Agerian Shoes,14500
Ahin Haladie,18000
Ain Amulet,377000
Ain Axe,377000
Ain Battle Axe,377000
Ain Blade,377000
Ain Crescent Pendulum,377000
Ain Crossbow,377000
Ain Florang,377000
Ain Foxspirit Charm,377000
Ain Gauntlet,377000
Ain Hammers,377000
Ain Hwando,377000
Ain Kriegsmesser,377000
Ain Kyve,377000
Ain Longbow,377000
Ain Longsword,377000
Ain Morning Star,377000
Ain Power Pole,377000
Ain Revolvers,377000
Ain Sacramentum,377000
Ain Serenaca,377000
Ain Shamshir,377000
Ain Shortsword,377000
Ain Slayer,377000
Ain Staff,377000
Ain Swallowtail Fan,377000
Akum Armor,1310000
Akum Gloves,1130000
Akum Helmet,1190000
Akum Shoes,1150000
Alchemy Stone Shard,194000
Alluvial Gold,11400
Aloe,1150
Amanita Mushroom,2630
Amanita Mushroom Hypha,16800
Ancient Guardian's Seal,5950000
Ancient Mushroom,3510
Ancient Mushroom Hypha,22400
Ancient Weapon Core,8000000
Apple,775
Arrow Mushroom,760
Arrow Mushroom Hypha,22400
Asadal Belt,125000000
Asadal Necklace,40500000
Ascending Noble Sword,18000
Ash Plank,2280
Ash Plywood,30000
Ash Sap,19600
Ash Timber,1320
Ator's Shoes,22500000000
Audria,560
Axion Shield,21100
Azure Thunder Celestial Bo Staff,7800000
Azwell Amulet,34000
Azwell Axe,34000
Azwell Battle Axe,34000
Azwell Blade,34000
Azwell Crescent Pendulum,34000
Azwell Crossbow,34000
Azwell Florang,34000
Azwell Foxspirit Charm,34000
Azwell Gauntlet,34000
Azwell Hammers,34000
Azwell Hwando,34000
Azwell Kriegsmesser,34000
Azwell Kyve,34000
Azwell Longbow,34000
Azwell Longsword,34000
Azwell Morning Star,34000
Azwell Power Pole,34000
Azwell Revolvers,34000
Azwell Sacramentum,34000
Azwell Serenaca,34000
Azwell Shamshir,34000
Azwell Shortsword,34000
Azwell Slayer,34000
Azwell Staff,34000
Azwell Swallowtail Fan,34000
Baconaua Cestus,7800000
Baduum Haladie,21100
Bag of Muddy Water,2230
Baharom Dual Glaives,7800000
Bamboo Sprout,1640
Banana,730
Bares Amulet,267000
Bares Axe,267000
Bares Battle Axe,267000
Bares Belt,95500
Bares Blade,267000
Bares Crescent Pendulum,267000
Bares Crossbow,267000
Bares Earring,75000
Bares Florang,267000
Bares Foxspirit Charm,267000
Bares Gauntlet,267000
Bares Hammers,267000
Bares Hwando,267000
Bares Kriegsmesser,267000
Bares Kyve,267000
Bares Longbow,267000
Bares Longsword,267000
Bares Morning Star,267000
Bares Necklace,123000
Bares Power Pole,267000
Bares Revolvers,267000
Bares Ring,55500
Bares Sacramentum,267000
Bares Serenaca,267000
Bares Shamshir,267000
Bares Shortsword,267000
Bares Slayer,267000
Bares Staff,267000
Bares Swallowtail Fan,267000
Barley,2250
Barley Dough,4190
Barley Flour,4190
Barley Seed,486
Basilisk's Belt,8900000
Bat Blood,21200
Bean Sprouts,7100
Bear Blood,19400
Bear Hide,915
Bear Meat,19400
Beef,18700
Belt of Shultz the Gladiator,770000
Bensho's Necklace,22900000
Bhatu Ra'ghon,18000
Bheg's Gloves,295000000
Big Amanita Mushroom,10600
Big Ancient Mushroom,9800
Big Arrow Mushroom,1910
Big Bluffer Mushroom,10600
Big Cloud Mushroom,1200
Big Dwarf Mushroom,2130
Big Emperor Mushroom,1760
Big Fog Mushroom,10600
Big Fortune Teller Mushroom,975
Big Ghost Mushroom,3990
Big Hump Mushroom,10000
Big Sky Mushroom,2300
Big Tiger Mushroom,2200
Birch Plank,4020
Birch Plywood,37600
Birch Sap,16000
Birch Timber,1180
Bird Meat,8100
Black Crystal,32900
Black Distortion Earring,65500000
Black Gem,905000
Black Gem Fragment,585000
Black Gold Ingot,1960000
Black Leopard Hide,1060
Black Seed,26900
Black Stone,227000
Black Stone Powder,7200
Black Warrior Horn Bow,18000
Blackstar Amulet,560000000
Blackstar Armor,540000000
Blackstar Axe,560000000
Blackstar Battle Axe,560000000
Blackstar Blade,560000000
Blackstar Celestial Bo Staff,725000000
Blackstar Cestus,725000000
Blackstar Clavis,615000000
Blackstar Crescent Blade,725000000
Blackstar Crescent Pendulum,560000000
Blackstar Crossbow,560000000
Blackstar Dagger,615000000
Blackstar Do Stave,615000000
Blackstar Dual Glaives,725000000
Blackstar Enlightened Blade,725000000
Blackstar Florang,560000000
Blackstar Foxspirit Charm,560000000
Blackstar Gauntlet,560000000
Blackstar Gloves,540000000
Blackstar Godr Sphera,725000000
Blackstar Gombangdae,615000000
Blackstar Gravity Cores,615000000
Blackstar Greatbow,725000000
Blackstar Greatsword,725000000
Blackstar Haladie,615000000
Blackstar Hammers,560000000
Blackstar Helmet,540000000
Blackstar Horn Bow,615000000
Blackstar Hwando,560000000
Blackstar Iron Buster,725000000
Blackstar Jade Pillar,725000000
Blackstar Jordun,725000000
Blackstar Kamasylven Sword,725000000
Blackstar Kerispear,725000000
Blackstar Kriegsmesser,560000000
Blackstar Kunai,615000000
Blackstar Kyve,560000000
Blackstar Lancia,725000000
Blackstar Longbow,560000000
Blackstar Longsword,560000000
Blackstar Mareca,615000000
Blackstar Morning Star,560000000
Blackstar Noble Sword,615000000
Blackstar Ornamental Knot,615000000
Blackstar Patraca,725000000
Blackstar Power Pole,560000000
Blackstar Ra'ghon,615000000
Blackstar Revolvers,560000000
Blackstar Sacramentum,560000000
Blackstar Sah Chakram,725000000
Blackstar Serenaca,560000000
Blackstar Shamshir,560000000
Blackstar Shard,615000000
Blackstar Shield,615000000
Blackstar Shoes,540000000
Blackstar Shortsword,560000000
Blackstar Shotgun,615000000
Blackstar Shuriken,615000000
Blackstar Slayer,560000000
Blackstar Sledgehammer,725000000
Blackstar Soul Tome,725000000
Blackstar Staff,560000000
Blackstar Sting,725000000
Blackstar Sura Katana,725000000
Blackstar Swallowtail Fan,560000000
Blackstar Talisman,615000000
Blackstar Trinket,615000000
Blackstar Vambrace,615000000
Blackstar Vediant,725000000
Blackstar Vitclari,615000000
Blade Trinket,24200
Blessed Soul Fragment,11200000000
Blood Ruby,1260000
Blood Ruby Earrings,73000
Blood Ruby Necklace,184000
Blood Ruby Ring,88000
Bloody Tree Knot,10100
Blue Coral,390000
Blue Coral Belt,75000
Blue Coral Earring,1500000
Blue Coral Ring,9250000
Blue Crystal,6650
Blue Flower,28000
Blue Umbrella Mushroom,3070
Blue Whale Meat,1110000
Blue Whale Molar,8650000
Blue Whale Molar Earring,23200000
Blue Whale Oil,23300000
Blue Whale Tendon,14900000
Bluffer Mushroom,3260
Bluffer Mushroom Hypha,26100
Bodul Do Stave,18000
Bottle of River Water,5850
Bottle of Sea Water,5550
Bouquet Mushroom,850
Bouquet Mushroom Hypha,7800
Bracken,2520
Brass Ingot,82000
Breath of Narcion,25200000
Breath of Omua,23400000
Breath of the Endtimes,3890000
Breath of the Morning,3890000
Breezy White Coral,1620000
Breezy White Coral Belt,1940000
Brilliant Blue Coral Belt,319000
Brilliant Golden Coral Belt,349000
Brilliant Green Coral Belt,349000
Brilliant Opal,197000
Brilliant Red Coral Belt,349000
Brilliant White Coral Belt,349000
Bronze Dagger,18000
Bronze Ingot,67000
Bronze Jade Pillar,71500
Bumpy Seed,99000
Bunch of Dry Mane Grass,1220
Bunch of Fire Flake Flowers,1280
Bunch of Silk Honey Grass,610
Bunch of Silver Azaleas,700
Butter,9350
Byproduct Fertilizer,5600
Cabbage,3510
Cactus Rind,362
Cactus Sap,4800
Cactus Thorn,4170
Caphras Essence,935000
Caphras Stone,2680000
Caphras Tree Plank,23300
Caphras Tree Plywood,94000
Caphras Tree Sap,11600
Caphras Tree Timber,5600
Capturing Rope,1540
Carrot Seed,1450
Carta Craftsman's Clothes,8200000
Carta Gatherer's Clothes,8200000
Cedar Plank,15900
Cedar Plywood,48800
Cedar Sap,19600
Cedar Timber,4190
Centaurus Belt,42400000
Chanterelle,3770
Chanterelle Hypha,20100
Cheese,14000
Cheetah Dragon Blood,24700
Cheetah Dragon Hide,1880
Cheetah Dragon Meat,22900
Cherry,775
Chicken Feed,127000
Chicken Meat,7900
Cinnamon,2630
Citron,3170
Citron Seed,3610
Citron Vinegar,910
Clear Liquid Reagent,13100
Cloud Mushroom,775
Cloud Mushroom Hypha,3240
Clown's Blood,14100
Coal,2710
Cobra Blood,22900
Coconut,2470
Concentrated Magical Black Gem,18200000
Concentrated Magical Black Stone,7000000
Contorted Seed,78500
Cooking Honey,1020
Copper Ingot,59000
Copper Ore,2440
Coral Belt,20100
Coral Crystal,8400000
Coral Piece,44700
Corn,2800
Corn Dough,4190
Corn Flour,4190
Corn Seed,446
Corrupt Oil of Immortality,37300000
Corrupt Ruby Earrings,505000
Corrupt Ruby Necklace,2310000
Corrupt Ruby Ring,1080000
Corrupted Breath,270000
Cotton Fabric,64000
Cotton Wool,1320
Cotton Yarn,9350
Cream,11200
Crimson Primordial Luster - Sovereign,108000000
Crimson Thorn Sting,71500
Crio Fisher's Clothes,8200000
Crocodile Meat,15300
Crow Noble Sword,21100
Crystallized Despair,40600000
Crystallized Energy of Endtimes,17700000
Cup of Arid Moonlight,373000000
Cup of Burgeoning Dusk,5550000000
Cup of Callous Sun,5050000000
Cup of Destined Dawn,2180000000
Cup of Dwindling Starlight,3610000000
Cup of Earth's Sorrows,4230000000
Cup of Lone Tide,3750000000
Cup of Reticent Moonbeams,5800000000
Cup of Tragic Nightfall,3530000000
Cup of a Lonely Cloud,3530000000
Dahn's Gloves,22300000000
Dalvenia Alrea,615
Dalvenia Alrea Seed,24600
Dandelion Celestial Bo Staff,177000000
Dandelion Cestus,177000000
Dandelion Crescent Blade,177000000
Dandelion Dual Glaives,177000000
Dandelion Enlightened Blade,177000000
Dandelion Godr Sphera,177000000
Dandelion Greatbow,177000000
Dandelion Greatsword,177000000
Dandelion Iron Buster,177000000
Dandelion Jade Pillar,177000000
Dandelion Jordun,177000000
Dandelion Kamasylven Sword,177000000
Dandelion Kerispear,177000000
Dandelion Lancia,177000000
Dandelion Patraca,177000000
Dandelion Sah Chakram,177000000
Dandelion Sledgehammer,177000000
Dandelion Soul Tome,177000000
Dandelion Sting,177000000
Dandelion Sura Katana,177000000
Dandelion Vediant,177000000
Dark Blood Ruby Earrings,163000
Dark Blood Ruby Necklace,1340000
Dark Blood Ruby Ring,285000
Dark Thorn Sting,7800000
Date Palm,1070
Dawn Earring,199000000
Dawn Fallen Silk,3480000
Daybreak Blue Coral,1060000
Daybreak Blue Coral Belt,920000
Dead Tree Essence,302000
Deboreka Belt,485000000
Deboreka Earring,580000000
Deboreka Necklace,394000000
Deboreka Ring,445000000
Deer Blood,15900
Deer Hide,965
Deer Meat,17600
Dehkia's Fragment,93500000
Delotia,3790
Delotia Essence,280000
Delotia Powder,14000
Delotia Seed,1990
Desert Herb,1620
Diamond,16200
Diamond Necklace,29800
Diamond Necklace of Fortitude,4980000
Dictyophora,3770
Dictyophora Hypha,20100
Dim Tree Spirit's Armor,304000000
Distilled Water,5300
Distorted Crystal of Origin,5400000000
Distorted Fragment of Origin,108000000
Dobart Armor,40400
Dobart Gloves,23500
Dobart Helmet,32900
Dobart Shoes,23500
Dohr Mareca,21100
Dragon Scale Fossil,417000
Dragon Slayer Celestial Bo Staff,90000000
Dragon Slayer Cestus,90000000
Dragon Slayer Crescent Blade,90000000
Dragon Slayer Dual Glaives,90000000
Dragon Slayer Enlightened Blade,90000000
Dragon Slayer Godr Sphera,90000000
Dragon Slayer Greatbow,90000000
Dragon Slayer Greatsword,90000000
Dragon Slayer Iron Buster,90000000
Dragon Slayer Jade Pillar,90000000
Dragon Slayer Jordun,90000000
Dragon Slayer Kamasylven Sword,90000000
Dragon Slayer Kerispear,90000000
Dragon Slayer Lancia,90000000
Dragon Slayer Patraca,90000000
Dragon Slayer Sah Chakram,90000000
Dragon Slayer Sledgehammer,90000000
Dragon Slayer Soul Tome,90000000
Dragon Slayer Sting,90000000
Dragon Slayer Sura Katana,90000000
Dragon Slayer Vediant,90000000
Dressing,1270
Dried Amberjack,5150
Dried Amur Goby,12500
Dried Amur Ide,10300
Dried Amur Minnow,22700
Dried Angler,20400
Dried Arowana,17200
Dried Atka Mackerel,9750
Dried Barbel Steed,4550
Dried Basking Shark,88000
Dried Bass,5450
Dried Beltfish,6750
Dried Bigeye,6900
Dried Bitterling,2880
Dried Black Shiner,25700
Dried Blackfin Sweeper,3100
Dried Blacktip Chromis,21700
Dried Bleeker,2720
Dried Blue Tang,6850
Dried Bluefish,6100
Dried Bluegill,2690
Dried Bowfin,48900
Dried Boxfish,4840
Dried Brassy Chub,2520
Dried Bubble Eye,2300
Dried Burbot,21400
Dried Butterflyfish,3020
Dried Carp,17700
Dried Catfish,6400
Dried Cero,18700
Dried Chameleon Goby,9700
Dried Charr,22100
Dried Checkerboard Wrasse,20000
Dried Cherry Icefish,10700
Dried Cherry Salmon,16300
Dried Clownfish,4700
Dried Common Bleak,15300
Dried Common Minnow,6100
Dried Common Pleco,2390
Dried Crab,2100
Dried Crawfish,5600
Dried Croaker,7200
Dried Crucian Carp,4440
Dried Cuttlefish,5400
Dried Cuvier,34700
Dried Dace,2390
Dried Dark Chub,16200
Dried Dark Sleeper,15200
Dried Dark-banded Rockfish,755
Dried Devil Stinger,5300
Dried Diamond Minnow,21400
Dried Dollarfish,5550
Dried Dolphinfish,3440
Dried Dusky Flathead,2640
Dried Dwarf Gudgeon,16800
Dried Filefish,3160
Dried Flatfish,3270
Dried Flounder,5850
Dried Flower Icefish,36100
Dried Flying Fish,6050
Dried Fourfinger Threadfin,2000
Dried Freshwater Eel,14200
Dried Giant Talking Catfish,125000
Dried Goby Minnow,2570
Dried Golden-thread,19600
Dried Goldenstriped Soapfish,283000
Dried Goliath Tigerfish,124000
Dried Grass Carp,11700
Dried Grayling,5850
Dried Green Sturgeon,22200
Dried Greenling,3490
Dried Grouper,18200
Dried Grunt,72000
Dried Gunnel,5550
Dried Gurnard,3270
Dried Hatchetfish,2350
Dried Herring,19300
Dried Horn Fish,4800
Dried Jellyfish,2880
Dried John Dory,20000
Dried King Spine Loach,18400
Dried Kuhlia Marginata,4840
Dried Lamprey,34600
Dried Large-headed Goby,17100
Dried Lavascale Stargazer,4700
Dried Leaffish,2350
Dried Leather Carp,31100
Dried Lenok,15500
Dried Lionfish,4840
Dried Lobster,117000
Dried Longnose Gar,14400
Dried Longsnout Catfish,29000
Dried Lungfish,108000
Dried Mackerel,5600
Dried Mackerel Pike,2150
Dried Mandarin Fish,62500
Dried Maomao,17700
Dried Miho Spine Loach,25300
Dried Minnow,6900
Dried Mitre Squid,840
Dried Moray,19400
Dried Mori,21600
Dried Morning Loach,6900
Dried Morning River Goby,3690
Dried Mudfish,2780
Dried Mudskipper,3190
Dried Mullet,3160
Dried Neon Damselfish,29300
Dried Nibbler,79500
Dried Notch Jaw,2690
Dried Obtuse Barracuda,13700
Dried Octopus,17700
Dried Oily Shiner,6400
Dried Opah,122000
Dried Pacu,23100
Dried Pearl Oyster Flesh,60500
Dried Perch,3270
Dried Pike,10700
Dried Pike Characin,12500
Dried Pintado,5650
Dried Piranha,28400
Dried Pollack,895
Dried Pomfret,10100
Dried Porcupine Fish,18000
Dried Porgy,75500
Dried Ransonnet's Surfperch,29200
Dried Rapid Goby,23100
Dried Ray,6750
Dried Red Seabream,24400
Dried Red Snow Crab,37200
Dried Redbreasted Wrasse,62500
Dried Redfin Anthias,118000
Dried Ribbon Eel,29400
Dried Rock Hind,2570
Dried Rockfish,5800
Dried Rosefish,2630
Dried Rosy Bitterling,3160
Dried Round Herring,2690
Dried Roundtail Paradisefish,3300
Dried Salmon,4800
Dried Sandeel,3130
Dried Sandfish,2960
Dried Sardine,6650
Dried Saurel,2540
Dried Scorpion Fish,2780
Dried Sea Bass,47100
Dried Sea Eel,18800
Dried Seahorse,3300
Dried Sharpbelly,12600
Dried Shellfish,2780
Dried Short Barbel Gudgeon,19500
Dried Short Ninespine Stickleback,895
Dried Shuttles Hoppfish,7550
Dried Siganid,17900
Dried Silver Carp,15600
Dried Silver Prochilodus,2460
Dried Silver Stripe Round Herring,2820
Dried Skipjack,7050
Dried Smelt,5200
Dried Smokey Chromis,34600
Dried Snakehead,37500
Dried Soho Bitterling,2210
Dried South Torrent Catfish,2800
Dried Spined Bittering,13700
Dried Spined Loach,9700
Dried Spotted Barbel,23800
Dried Squid,5800
Dried Starfish,2070
Dried Stickleback,12100
Dried Stippled Gunnel,15500
Dried Stone Moroko,13800
Dried Striped Catfish,3050
Dried Striped Shiner,15100
Dried Stumpy Bullhead,7050
Dried Sturgeon,60000
Dried Sunfish,46100
Dried Surfperch,2300
Dried Swamp Eel,12100
Dried Sweetfish,6400
Dried Swellfish,18700
Dried Swiri,92000
Dried Swordfish,17900
Dried Tapertail Anchovy,18300
Dried Terrapin,6250
Dried Thresher Shark,36600
Dried Tiger Shark,49100
Dried Tilefish,38500
Dried Tongue Sole,2990
Dried Trout,6350
Dried Tuna,79500
Dried Ussurian Bullhead,12600
Dried Whiting,2540
Dried Wrought Iron Butterflyfish,86500
Dried Yalu Grayling,17800
Dried Yellow-head Catfish,19000
Dried Yellowfin Sculpin,8400
Dried Yellowfin Sole,15200
Dried-Up Seed,26900
Dry Mane Grass,245
Dry Mane Grass Seed,2040
Dusk Laden Cotton Fabric,4540000
Dwarf Mushroom,690
Dwarf Mushroom Hypha,21300
Egg,12300
Elder Tree Plank,1870
Elder Tree Plywood,14900
Elder Tree Sap,9400
Elder Tree Timber,3220
Elephant Hide,10300
Elisha Belt,123000
Elisha Earring,75000
Elisha Necklace,224000
Elisha Ring,79500
Elsh Amulet,62500
Elsh Axe,62500
Elsh Battle Axe,62500
Elsh Blade,62500
Elsh Crescent Pendulum,62500
Elsh Crossbow,62500
Elsh Florang,62500
Elsh Foxspirit Charm,62500
Elsh Gauntlet,62500
Elsh Hammers,62500
Elsh Hwando,62500
Elsh Kriegsmesser,62500
Elsh Kyve,62500
Elsh Longbow,62500
Elsh Longsword,62500
Elsh Morning Star,62500
Elsh Power Pole,62500
Elsh Revolvers,62500
Elsh Sacramentum,62500
Elsh Serenaca,62500
Elsh Shamshir,62500
Elsh Shortsword,62500
Elsh Slayer,62500
Elsh Staff,62500
Elsh Swallowtail Fan,62500
Embers of Despair,16100000
Embers of Frost,14500000
Embers of Resonance,43200000
Emerald,18100
Emerald Necklace,35200
Emerald Necklace of Tranquility,2930000
Emergency Ship Repair Kit,473000
Emperor Mushroom,700
Emperor Mushroom Hypha,19100
Empty Crystal,615
Enhanced Flax Fabric,75000
Enlightened Blade of Balance,7800000
Enlightened Blade of Harmony,71500
Enlightened One's Cotton Fabric,7000000
Essence of Dawn,67000000
Essence of Dawn - Accuracy,93500000
Essence of Dawn - Black Spirit's Rage,92500000
Essence of Dawn - Damage Reduction,93500000
Essence of Dawn - Evasion,93500000
Essence of Devouring,270000000
Essence of Insight,17100000
Essence of Liquor,2300
Essence of Nature,419000
Estique Kunai,21100
Estique Shuriken,21100
Ethereal Earring,166000000
Everlasting Herb,147000
Exalted Soul Fragment,5600000000
Eye of the Ruins Ring,8300000
Eyelash Cup,1260
Faint Origin of Dark Hunger,540000000
Fallen God's Armor,21300000000
Fancy Feather,11200
Fancy Reptile Skin,3010
Feather Wolf Hide,710
Ferocious Leather,414000
Fidei Clavis,24200
Fig,1730
Fine Fancy Feather,79500
Fine Fancy Reptile Skin,11400
Fine Hard Hide,298000
Fine Lightweight Plume,67500
Fine Soft Hide,29500
Fine Thick Fur,48800
Fine Thin Hide,85500
Fine Tough Hide,62000
Fir Plank,14100
Fir Plywood,52000
Fir Sap,3110
Fir Timber,3980
Fire Flake Flower,265
Fire Flake Flower Seed,2140
Fire Horn,19500
Flame of Despair,1860000000
Flame of Frost,1870000000
Flame of Hongik,280000000
Flame of Resonance,4320000000
Flamingo Blood,22900
Flamingo Meat,6000
Flamingo Plume,2510
Flawless Herald's Crystal,4660000000
Flax,770
Flax Fabric,11000
Flax Seed,12400
Flax Thread,2430
Fleece,615
Foederis Clavis,18000
Fog Mushroom,3350
Fog Mushroom Hypha,15500
Forest Emerald,1890000
Forest Emerald Necklace,187000
Forest Fury,10200000
Forest Ronaros Ring,6750000
Fortuna's Luck Armor,47300
Fortuna's Luck Shoes,35500
Fortune Teller Mushroom,700
Fortune Teller Mushroom Hypha,19700
Fox Blood,26900
Fox Hide,1000
Fox Meat,17300
Freekeh,1760
Freekeh Flour,525
Freekeh Flour Dough,800
Friha Shotgun,18000
Frost Iron Jordun,7800000
Frost Jordun,71500
Frosty Cloud Kerispear,7800000
Fruit of Nature,316000
Fugitive Khalk's Earring,102000000
Fugitive Khalk's Horn,540000
Fugitive Khalk's Shiny Claw,41900000
Fugitive Khalk's Skin,7800000
Ganatte Ra'ghon,21100
Garlic,4190
Garlic Seed,2360
Garmoth's Heart,18700000000
Garmoth's Scale,920000
Gartner Belt,1900000
Gauche Rawr-Rawr's Heart,1870000000
Gazelle Hide,1830
Gazelle Meat,15400
Gem Polisher,419000
Gem of Void,46600000
Geranoa Belt,4320000
Geranoa Earring,5800000
Geranoa Necklace,4320000
Geranoa Ring,4970000
Geumgang Do Stave,24200
Geumgang Gombangdae,18000
Ghost Mushroom,775
Ghost Mushroom Hypha,22400
Giath's Helmet,304000000
Gigantic Seed,134000
Gilded Leaf,3520000
Glossy Bone Piece,7650
Glossy Seed,63000
Gloves of Fortuna's Luck,22700
Glue,196000
Gluttony Crystal,46600000
Goat Blood,17600
Goat Hide,990
Goat Meat,14700
Gold Ingot,223000
Gold Ore,13500
Gold Topaz,560000
Gold Topaz Earrings,107000
Gold Topaz Necklace,187000
Gold Topaz Ring,88500
Golden Coral,625000
Golden Coral Belt,107000
Golden Pearl,3720000
Golden Sun Coral,2200000
Golden Sun Coral Belt,2630000
Good Chicken Feed,535000
Goosefoot Leaf,6550
Gorgath Alchemist's Clothes,7600000
Grape,750
Grape Seed,1750
Gravity Cores of Acceleration,18000
Gravity Cores of Augmentation,21100
Gravity Cores of Mass,24200
Greatbow of Fate,71500
Green Coral,395000
Green Coral Belt,107000
Green Crystal,32000
Green Pendulous Mushroom,489
Griffon Claw,430000
Griffon Feather,1890
Griffon Leather,1470000
Griffon's Helmet,293000000
Ground Bird Meat,11900
Grunil Armor,79000
Grunil Gloves,48900
Grunil Helmet,540000
Grunil Shoes,45400
Gyomok Gombangdae,21100
Half-Moon Seed,57500
Hard Hide,47000
Hard Pillar,5450000
Haystack,20600
Hazel Tree Fruit,4750
Heart of Karanda,125000000
Heart of Kutum,157000000
Heart of the Arid Forest,2700000
Heiress's Kamasylven Sword,7800000
Helmet of Fortuna's Luck,32000
Helrick Talisman,18000
Herald's Crystal,15600000
Herbal Gunpowder,76000
Herbal Poison,67500
Hercules' Might Armor,62000
Hercules' Might Gloves,46900
Hercules' Might Helmet,57000
Hercules' Might Shoes,40500
Hesed's Crystal,9350000
Hesus Belt,127000
Hesus Earring,131000
Hesus Necklace,146000
Hesus Ring,58500
Heve's Strength Armor,66500
Heve's Strength Gloves,38500
Heve's Strength Helmet,64500
Heve's Strength Shoes,44900
High-quality Acacia Seed,21500
High-quality Amanita Mushroom,13200
High-quality Amanita Mushroom Hypha,101000
High-quality Ancient Mushroom,17600
High-quality Ancient Mushroom Hypha,112000
High-quality Arrow Mushroom,3870
High-quality Arrow Mushroom Hypha,112000
High-quality Barley,11700
High-quality Barley Seed,4690
High-quality Bluffer Mushroom,16300
High-quality Bluffer Mushroom Hypha,104000
High-quality Bouquet Mushroom,8550
High-quality Bouquet Mushroom Hypha,29700
High-quality Carrot Seed,12100
High-quality Chanterelle,18900
High-quality Chanterelle Hypha,101000
High-quality Citron,13800
High-quality Citron Seed,99000
High-quality Cloud Mushroom,3870
High-quality Cloud Mushroom Hypha,84500
High-quality Cooking Honey,12300
High-quality Corn,9800
High-quality Corn Seed,14400
High-quality Dalvenia Alrea,4570
High-quality Dalvenia Alrea Seed,26400
High-quality Delotia,15500
High-quality Delotia Seed,80000
High-quality Dictyophora,18800
High-quality Dictyophora Hypha,101000
High-quality Dry Mane Grass,2030
High-quality Dry Mane Grass Seed,10200
High-quality Dwarf Mushroom,3680
High-quality Dwarf Mushroom Hypha,107000
High-quality Emperor Mushroom,3480
High-quality Emperor Mushroom Hypha,101000
High-quality Fire Flake Flower,2140
High-quality Fire Flake Flower Seed,10700
High-quality Fog Mushroom,16700
High-quality Fog Mushroom Hypha,86500
High-quality Fortune Teller Mushroom,3480
High-quality Fortune Teller Mushroom Hypha,97000
High-quality Garlic,13400
High-quality Garlic Seed,13000
High-quality Ghost Mushroom,7400
High-quality Ghost Mushroom Hypha,112000
High-quality Grape,13800
High-quality Grape Seed,17300
High-quality Haystack,70500
High-quality Hot Pepper,12100
High-quality Hot Pepper Seed,75000
High-quality Hump Mushroom,17600
High-quality Hump Mushroom Hypha,112000
High-quality Leccinum,5750
High-quality Leccinum Mushroom Hypha,65500
High-quality Mesima,18900
High-quality Mesima Hypha,101000
High-quality Napa Cabbage,13700
High-quality Napa Cabbage Seed,87500
High-quality Nolina,7150
High-quality Nolina Seed,59000
High-quality Olive,14400
High-quality Olive Seed,97000
High-quality Onion,12900
High-quality Onion Seed,64000
High-quality Paprika,13400
High-quality Paprika Seed,79500
High-quality Penestraria,5350
High-quality Penestraria Seed,19900
High-quality Pepper,11600
High-quality Pepper Seed,63500
High-quality Perilla,6900
High-quality Perilla Seed,11000
High-quality Pie Mushroom,6150
High-quality Pie Mushroom Hypha,72000
High-quality Potato,11700
High-quality Pumpkin,12300
High-quality Pumpkin Seed,84000
High-quality Purple Mushroom,5650
High-quality Purple Mushroom Hypha,50500
High-quality Radish,12900
High-quality Radish Seed,79000
High-quality Red-spotted Amanita,18900
High-quality Red-spotted Amanita Hypha,101000
High-quality Rice,8400
High-quality Rice Seed,5400
High-quality Seed Potato,2380
High-quality Seed Sweet Potato,7050
High-quality Silk Honey Grass,1940
High-quality Silk Honey Grass Seed,67000
High-quality Silver Azalea,2230
High-quality Silver Azalea Seed,11100
High-quality Sky Mushroom,3680
High-quality Sky Mushroom Hypha,107000
High-quality Strawberry,6250
High-quality Strawberry Seed,89500
High-quality Sunflower,14400
High-quality Sunflower Seed,97000
High-quality Sunrise Herb,1940
High-quality Sunrise Herb Seed,9700
High-quality Sweet Potato,5100
High-quality Tiger Mushroom,3680
High-quality Tiger Mushroom Hypha,107000
High-quality Tomato,12900
High-quality Tomato Seed,81000
High-quality Wheat,10800
High-quality Wheat Seed,4970
Hot Pepper,2560
Hot Pepper Seed,1400
Hughol's Celestial Bo Staff,51500000
Hughol's Cestus,51500000
Hughol's Crescent Blade,51500000
Hughol's Dual Glaives,51500000
Hughol's Godr Sphera,51500000
Hughol's Greatbow,51500000
Hughol's Greatsword,51500000
Hughol's Iron Buster,51500000
Hughol's Jade Pillar,51500000
Hughol's Jordun,51500000
Hughol's Kamasylven Sword,51500000
Hughol's Kerispear,51500000
Hughol's Lancia,51500000
Hughol's Patraca,51500000
Hughol's Sah Chakram,51500000
Hughol's Sledgehammer,51500000
Hughol's Sting,51500000
Hughol's Sura Katana,51500000
Hughol's Vediant,51500000
Hump Mushroom,3510
Hump Mushroom Hypha,22400
Immaculate Crescent Blade,7800000
Incense Trinket,18000
Indigo Lapis Lazuli,2740000
Inorganic Fertilizer,2330
Insectivore Plant Flower,23300
Insectivore Plant Leaf,24200
Insectivore Plant Powder,187000
Insectivore Plant Root,19400
Insectivore Plant Sap,94500
Insectivore Plant Stalk,21400
Intact Griffon's Beak,75000000
Inverted Heart of Garmoth,18700000000
Iron Crescent Blade,71500
Iron Ingot,67500
Iron Jade Pillar,7800000
Iron Ore,2460
Iron Vambrace,24200
Izaro Trainer's Clothes,8150000
Jade,37500
Jade Coral Ingot,1690000
Jooknip Gombangdae,24200
Jubre Talisman,21100
Kabua's Fragment,72500000
Kagtum Submission Ring,1760000
Kalis Amulet,103000
Kalis Axe,103000
Kalis Battle Axe,103000
Kalis Belt,109000
Kalis Blade,103000
Kalis Crescent Pendulum,103000
Kalis Crossbow,103000
Kalis Earring,87500
Kalis Florang,103000
Kalis Foxspirit Charm,103000
Kalis Gauntlet,103000
Kalis Hammers,103000
Kalis Hwando,103000
Kalis Kriegsmesser,103000
Kalis Kyve,103000
Kalis Longbow,103000
Kalis Longsword,103000
Kalis Morning Star,103000
Kalis Necklace,224000
Kalis Power Pole,103000
Kalis Revolvers,103000
Kalis Ring,66500
Kalis Sacramentum,103000
Kalis Serenaca,103000
Kalis Shamshir,103000
Kalis Shortsword,103000
Kalis Slayer,103000
Kalis Staff,103000
Kalis Swallowtail Fan,103000
Kamalam Cestus,71500
Kite Shield,24200
Knitting Yarn,4340
Krea Amulet,72500
Krea Axe,72500
Krea Battle Axe,72500
Krea Blade,72500
Krea Clavis,31600
Krea Crescent Pendulum,72500
Krea Crossbow,72500
Krea Dagger,31600
Krea Do Stave,31600
Krea Florang,72500
Krea Foxspirit Charm,72500
Krea Gauntlet,72500
Krea Gombangdae,31600
Krea Gravity Cores,31600
Krea Haladie,31600
Krea Hammers,72500
Krea Horn Bow,31600
Krea Hwando,72500
Krea Kriegsmesser,72500
Krea Kunai,31600
Krea Kyve,72500
Krea Longbow,72500
Krea Longsword,72500
Krea Mareca,31600
Krea Morning Star,72500
Krea Noble Sword,31600
Krea Ornamental Knot,31600
Krea Power Pole,72500
Krea Ra'ghon,31600
Krea Revolvers,72500
Krea Sacramentum,72500
Krea Serenaca,72500
Krea Shamshir,72500
Krea Shard,31600
Krea Shield,31600
Krea Shortsword,72500
Krea Shotgun,31600
Krea Shuriken,31600
Krea Slayer,72500
Krea Staff,72500
Krea Swallowtail Fan,72500
Krea Talisman,31600
Krea Trinket,31600
Krea Vambrace,31600
Krea Vitclari,31600
Kuku Bird Blood,19400
Kuku Bird Meat,8600
Kutum Clavis,153000000
Kutum Dagger,153000000
Kutum Do Stave,153000000
Kutum Gombangdae,153000000
Kutum Gravity Cores,153000000
Kutum Haladie,153000000
Kutum Horn Bow,153000000
Kutum Kunai,153000000
Kutum Mareca,153000000
Kutum Noble Sword,153000000
Kutum Ornamental Knot,153000000
Kutum Ra'ghon,153000000
Kutum Shard,153000000
Kutum Shield,153000000
Kutum Shotgun,153000000
Kutum Shuriken,153000000
Kutum Talisman,153000000
Kutum Trinket,153000000
Kutum Vambrace,153000000
Kutum Vitclari,153000000
Kzarka Amulet,241000000
Kzarka Axe,241000000
Kzarka Battle Axe,241000000
Kzarka Blade,241000000
Kzarka Crescent Pendulum,241000000
Kzarka Crossbow,241000000
Kzarka Florang,241000000
Kzarka Foxspirit Charm,241000000
Kzarka Gauntlet,241000000
Kzarka Hammers,241000000
Kzarka Hwando,241000000
Kzarka Kriegsmesser,241000000
Kzarka Kyve,241000000
Kzarka Longbow,241000000
Kzarka Longsword,241000000
Kzarka Morning Star,241000000
Kzarka Power Pole,241000000
Kzarka Revolvers,241000000
Kzarka Sacramentum,241000000
Kzarka Serenaca,241000000
Kzarka Shamshir,241000000
Kzarka Shortsword,241000000
Kzarka Slayer,241000000
Kzarka Staff,241000000
Kzarka Swallowtail Fan,241000000
Labreska's Helmet,25500000000
Ladothan Shard,24200
Lahr Mareca,24200
Lamb Meat,18300
Lapis Lazuli,51500
Laytenn's Power Stone,28300000
Lead Ingot,65500
Lead Ore,2390
Leather Glaze,396000
Leather Vambrace,18000
Leccinum,1090
Leccinum Hypha,20100
Leebur's Gloves,302000000
Legendary Beast's Blood,154000
Lemoria Armor,1170000
Lemoria Gloves,1150000
Lemoria Helmet,1270000
Lemoria Shoes,1140000
Levathan Shard,18000
Light-Swallowing Vediant,7800000
Lightweight Plume,7050
Lion Blood,27300
Lion Hide,1370
Lion Meat,37300
Liverto Amulet,6550000
Liverto Axe,6550000
Liverto Battle Axe,6550000
Liverto Blade,6550000
Liverto Crescent Pendulum,6550000
Liverto Crossbow,6550000
Liverto Florang,6550000
Liverto Foxspirit Charm,6550000
Liverto Gauntlet,6550000
Liverto Hammers,6550000
Liverto Hwando,6550000
Liverto Kriegsmesser,6550000
Liverto Kyve,6550000
Liverto Longbow,6550000
Liverto Longsword,6550000
Liverto Morning Star,6550000
Liverto Power Pole,6550000
Liverto Revolvers,6550000
Liverto Sacramentum,6550000
Liverto Serenaca,6550000
Liverto Shamshir,6550000
Liverto Shortsword,6550000
Liverto Slayer,6550000
Liverto Staff,6550000
Liverto Swallowtail Fan,6550000
Lizard Blood,21200
Lizard Hide,28000
Lizard Meat,12100
Llama Blood,13100
Llama Hide,3740
Llama Meat,19500
Log,14000
Loggia Alchemist's Clothes,710000
Loggia Belt,432000
Loggia Cook's Clothes,560000
Loggia Craftsman's Clothes,710000
Loggia Earring,484000
Loggia Fisher's Clothes,595000
Loggia Gatherer's Clothes,665000
Loggia Hunter's Clothes,650000
Loggia Necklace,432000
Loggia Ring,625000
Loggia Sailor's Clothes,765000
Loggia Trainer's Clothes,705000
Loopy Tree Plank,1930
Loopy Tree Plywood,16000
Loopy Tree Sap,1660
Loopy Tree Timber,525
Lord Godr Sphera,7800000
Lunario Patraca,7800000
Maehwa,15500
Magical Shard,5600000
Manos Alchemist's Clothes,241000000
Manos Belt,184000000
Manos Blue Coral Belt,72500000
Manos Cook's Clothes,241000000
Manos Craftsman's Clothes,241000000
Manos Diamond Necklace,21900000
Manos Earring,170000000
Manos Emerald Necklace,23300000
Manos Fisher's Clothes,241000000
Manos Gatherer's Clothes,241000000
Manos Golden Coral Belt,153000000
Manos Green Coral Belt,74500000
Manos Hunter's Clothes,241000000
Manos Necklace,194000000
Manos Red Coral Belt,128000000
Manos Ring,184000000
Manos Ruby Earring,9550000
Manos Ruby Necklace,11600000
Manos Ruby Ring,16900000
Manos Sailor's Clothes,241000000
Manos Sapphire Earring,16800000
Manos Sapphire Necklace,23300000
Manos Topaz Earring,13900000
Manos Topaz Necklace,22600000
Manos Topaz Ring,9150000
Manos Trainer's Clothes,155000000
Manos White Coral Belt,83500000
Maple Plank,9450
Maple Plywood,41900
Maple Sap,19600
Maple Timber,3070
Margoria Dark Iron,975000
Mark of Shadow,1230000
Marmot Blood,23300
Marmot Hide,5100
Marmot Meat,18700
Meju,4370
Melted Copper Shard,9000
Melted Gold Shard,50500
Melted Iron Shard,11200
Melted Lead Shard,6200
Melted Mythril Shard,126000
Melted Nickel Shard,28000
Melted Noc Shard,28000
Melted Platinum Shard,140000
Melted Silver Shard,62500
Melted Tin Shard,18700
Melted Titanium Shard,28100
Melted Vanadium Shard,20000
Melted Zinc Shard,19300
Memory Fragment,1340000
Mercenary's Greatsword,71500
Mercenary's Steel Greatsword,7800000
Mesima,3770
Mesima Hypha,20100
Mesto Earring,565000
Metal Solvent,499000
Milk,23300
Mimosa Stalk,1200
Mistress Noble Sword,24200
Monk's Branch,21000
Moonlight Opal,555000
Moonlit Soul Tome,7800000
Moss Tree Plank,1470
Moss Tree Plywood,15400
Moss Tree Sap,1380
Moss Tree Timber,487
Mud Crystal,35800
Muskan's Shoes,288000000
Mysterious Powder,1350
Mystical Cleaning Oil,500000
Mythril,65500
Mythril Ingot,665000
Napa Cabbage,2150
Napa Cabbage Seed,3160
Narc Ear Accessory,13600000
Necklace of Good Deeds,37600000
Necklace of Shultz the Gladiator,1320000
Needle Trinket,21100
Nert Ring,1410000
Neshal Haladie,24200
Nickel Ingot,167000
Nickel Ore,7450
Noc Ingot,111000
Noc Ore,7450
Nolina,401
Nolina Seed,18000
Nouver Clavis,147000000
Nouver Dagger,147000000
Nouver Do Stave,147000000
Nouver Gombangdae,147000000
Nouver Gravity Cores,147000000
Nouver Haladie,147000000
Nouver Horn Bow,147000000
Nouver Kunai,147000000
Nouver Mareca,147000000
Nouver Noble Sword,147000000
Nouver Ornamental Knot,147000000
Nouver Ra'ghon,147000000
Nouver Shard,147000000
Nouver Shield,147000000
Nouver Shotgun,147000000
Nouver Shuriken,147000000
Nouver Talisman,147000000
Nouver Trinket,147000000
Nouver Vambrace,147000000
Nouver Vitclari,147000000
Nutmeg,1920
Nymphamaré's Song,3730000
Obsidian Ore,30600
Ocean Haze Ring,162000000
Ocean Sapphire,885000
Ocean Sapphire Earring,104000
Ocean Sapphire Necklace,173000
Oeki's Sah Chakram,7800000
Offin Tett's Radiant Amulet,98000000
Offin Tett's Radiant Axe,98000000
Offin Tett's Radiant Battle Axe,98000000
Offin Tett's Radiant Blade,98000000
Offin Tett's Radiant Crescent Pendulum,98000000
Offin Tett's Radiant Crossbow,98000000
Offin Tett's Radiant Florang,98000000
Offin Tett's Radiant Foxspirit Charm,98000000
Offin Tett's Radiant Gauntlet,98000000
Offin Tett's Radiant Hammers,98000000
Offin Tett's Radiant Hwando,98000000
Offin Tett's Radiant Kriegsmesser,98000000
Offin Tett's Radiant Kyve,98000000
Offin Tett's Radiant Longbow,98000000
Offin Tett's Radiant Longsword,98000000
Offin Tett's Radiant Morning Star,98000000
Offin Tett's Radiant Power Pole,98000000
Offin Tett's Radiant Revolvers,98000000
Offin Tett's Radiant Sacramentum,98000000
Offin Tett's Radiant Serenaca,98000000
Offin Tett's Radiant Shamshir,98000000
Offin Tett's Radiant Shortsword,98000000
Offin Tett's Radiant Slayer,98000000
Offin Tett's Radiant Staff,98000000
Offin Tett's Radiant Swallowtail Fan,98000000
Ogre Blood,26400
Ogre Ring,31400000
Oil of Corruption,112000
Oil of Enchantment,4770000
Oil of Fortitude,137000
Oil of Regeneration,143000
Oil of Storms,116000
Oil of Tranquility,119000
Oil of the Abyss,175000
Old Tree Bark,1940
Old Tree Branch,1100
Olive,735
Olive Seed,1840
Ominous Ring,176000000
Onion,4190
Onion Seed,2730
Organic Fertilizer,20000
Origin of Dark Hunger,1080000000
Orkinrad's Belt,15200000
Oros Ornamental Knot,21100
Oros Vitclari,21100
Ouk Pill of Time and Tide,18700000
Outlaw's Ring,2120000
Ox Blood,15900
Ox Hide,5500
Oyster,19600
Pahr Mareca,18000
Palm Plank,1710
Palm Plywood,13700
Palm Sap,1810
Palm Timber,2960
Paprika,660
Paprika Seed,1650
Parrying Dagger,24200
Pear,725
Penestraria,364
Penestraria Seed,18500
Pepper,2380
Pepper Seed,3560
Perilla,3250
Perilla Oil,18700
Perilla Seed,1810
Persimmon,486
Pie Mushroom,995
Pie Mushroom Hypha,24800
Piece of Purification Lancia,7800000
Pig Blood,14400
Pig Hide,4970
Pile of Sunrise Herbs,970
Pine Coated Plywood,59000
Pine Plank,4910
Pine Plywood,39300
Pine Sap,12900
Pine Timber,1350
Pineapple,775
Pink Rosebay,466
Pink Trumpet Mushroom,459
Pistachio,386
Placid Forest Emerald Necklace,1370000
Platinum Ingot,960000
Platinum Ore,41900
Plywood Hardener,660000
Polished Coral Belt,43300
Polished Opal,44900
Polished Stone,74500
Pork,15000
Potato,2800
Potato Dough,4190
Potato Flour,4190
Powder of Darkness,8200
Powder of Earth,6650
Powder of Flame,5150
Powder of Rifts,2520
Powder of Time,7750
Practice Celestial Bo Staff,71500
Prairie Green Coral,2040000
Prairie Green Coral Belt,2630000
Preonne Belt,6150000000
Preonne Earring,5350000000
Preonne Necklace,6400000000
Preonne Ring,5200000000
Primordial Black Stone,60000000
Primordial Crystal,17500000
Processed Coal,13900
Pumpkin,755
Pumpkin Seed,2200
Pure Copper Crystal,720000
Pure Gold Crystal,680000
Pure Iron Crystal,730000
Pure Lead Crystal,755000
Pure Mythril Crystal,1480000
Pure Nickel Crystal,730000
Pure Noc Crystal,735000
Pure Platinum Crystal,1980000
Pure Powder Reagent,13500
Pure Silver Crystal,540000
Pure Tin Crystal,795000
Pure Titanium Crystal,780000
Pure Vanadium Crystal,805000
Pure Zinc Crystal,745000
Purified Water,5300
Purple Mushroom,1380
Purple Mushroom Hypha,30400
Purple Pink Flower,32600
Pyunback Do Stave,21100
Quartz,550
Quitar Kunai,18000
Quitar Shuriken,18000
Rabbit Meat,10600
Raccoon Blood,23300
Raccoon Hide,13500
Raccoon Meat,17400
Radish,1680
Radish Seed,2850
Rainbow Button Mushroom,93500
Rainbow Coral Ring,2600000
Rawr-Rawr's Heart,1400000000
Red Coral,645000
Red Coral Belt,102000
Red Coral Earring,4110000
Red Coral Ring,8900000
Red Crystal,34600
Red Nose's Armor,294000000
Red Pepper Powder,23300
Red Sauce,6950
Red Tree Lump,5100
Red-spotted Amanita,3770
Red-spotted Amanita Hypha,20100
Reed,172
Refined Delotia Reagent,30100
Refined Essence of Devouring,540000000
Refined Origin of Hunger,2340000000
Reforge Stone - Air Attack Extra Damage,135000000
Reforge Stone - All AP,135000000
Reforge Stone - All Accuracy,135000000
Reforge Stone - All Damage Reduction,191000000
Reforge Stone - All Evasion,135000000
Reforge Stone - Back Attack Extra Damage,675000000
Reforge Stone - Black Spirit's Rage Recovery,243000000
Reforge Stone - Critical Hit Extra Damage,135000000
Reforge Stone - Critical Hit Rate,173000000
Reforge Stone - Down Attack Extra Damage,135000000
Reforge Stone - Max HP,135000000
Remnants of Burnt Spirits,14000000
Resplendent Diamond,57500
Resplendent Diamond Necklace,73000
Resplendent Emerald,70500
Resplendent Emerald Necklace,87000
Resplendent Jade,55000
Resplendent Lapis Lazuli,201000
Resplendent Obsidian,104000
Resplendent Ruby,46800
Resplendent Ruby Earrings,27800
Resplendent Ruby Necklace,66000
Resplendent Ruby Ring,40100
Resplendent Sapphire,63000
Resplendent Sapphire Earring,50000
Resplendent Sapphire Necklace,83000
Resplendent Topaz,52500
Resplendent Topaz Earrings,49900
Resplendent Topaz Necklace,82000
Resplendent Topaz Ring,43900
Revived Lunar Necklace,131000000
Revived River Necklace,319000000
Rhik Talisman,24200
Rhino Blood,14700
Rhino Hide,3660
Rhino Meat,17700
Rhutum Elite Belt,2230000
Rice,2450
Rice Dough,2410
Rice Flour,3020
Rice Seed,625
Ridell Earring,505000
Ring of Cadry Guardian,59500000
Ring of Crescent Guardian,15100000
Ring of Good Deeds,243000
Robeau Hunter's Clothes,7800000
Rocaba Armor,77000
Rocaba Gloves,66000
Rocaba Helmet,47900
Rocaba Shoes,42000
Rock Elephant Blood,27300
Rock Elephant Meat,20600
Roroju Cook's Clothes,8200000
Rosar Amulet,154000
Rosar Axe,154000
Rosar Battle Axe,154000
Rosar Blade,154000
Rosar Clavis,119000
Rosar Crescent Pendulum,154000
Rosar Crossbow,154000
Rosar Dagger,119000
Rosar Do Stave,119000
Rosar Florang,154000
Rosar Foxspirit Charm,154000
Rosar Gauntlet,154000
Rosar Gombangdae,119000
Rosar Gravity Cores,119000
Rosar Haladie,119000
Rosar Hammers,154000
Rosar Horn Bow,119000
Rosar Hwando,154000
Rosar Kriegsmesser,154000
Rosar Kunai,119000
Rosar Kyve,154000
Rosar Longbow,154000
Rosar Longsword,154000
Rosar Mareca,119000
Rosar Morning Star,154000
Rosar Noble Sword,119000
Rosar Ornamental Knot,119000
Rosar Power Pole,154000
Rosar Ra'ghon,119000
Rosar Revolvers,154000
Rosar Sacramentum,154000
Rosar Serenaca,154000
Rosar Shamshir,154000
Rosar Shard,119000
Rosar Shield,119000
Rosar Shortsword,154000
Rosar Shotgun,119000
Rosar Shuriken,119000
Rosar Slayer,154000
Rosar Staff,154000
Rosar Swallowtail Fan,154000
Rosar Talisman,119000
Rosar Trinket,119000
Rosar Vambrace,119000
Rosar Vitclari,119000
Rose,9350
Rough Black Crystal,8400
Rough Blue Crystal,20400
Rough Diamond,4060
Rough Emerald,4350
Rough Green Crystal,12000
Rough Iron Buster,71500
Rough Jade,12400
Rough Lapis Lazuli,15900
Rough Mud Crystal,10600
Rough Obsidian Ore,10300
Rough Opal,15000
Rough Red Crystal,9250
Rough Ruby,3980
Rough Sapphire,4000
Rough Stone,23300
Rough Topaz,4320
Rough Translucent Crystal,20200
Rough Violet Crystal,1560
Ruby,14500
Ruby Earrings,3720
Ruby Necklace,23500
Ruby Ring,9200
Rusalka's Coral,935000
Saffron,625
Sahmarin Dual Glaives,71500
Saiphir Greatbow,7800000
Saiyer Ornamental Knot,18000
Saiyer Vitclari,18000
Sapphire,15300
Sapphire Earring,9100
Sapphire Earring of Storms,2440000
Sapphire Necklace,37000
Sapphire Necklace of Storms,4360000
Scale Vambrace,21100
Scarla Necklace,5900000
Scarlet Rosebay,398
Schzeriel Lancia,71500
Scorched Fragment,270000
Scorpion Blood,23800
Scorpion Meat,37300
Sea Lion Meat,15000
Seed Potato,486
Seed Sweet Potato,525
Seleth Amulet,68500
Seleth Axe,68500
Seleth Battle Axe,68500
Seleth Blade,68500
Seleth Crescent Pendulum,68500
Seleth Crossbow,68500
Seleth Florang,68500
Seleth Foxspirit Charm,68500
Seleth Gauntlet,68500
Seleth Hammers,68500
Seleth Hwando,68500
Seleth Kriegsmesser,68500
Seleth Kyve,68500
Seleth Longbow,68500
Seleth Longsword,68500
Seleth Morning Star,68500
Seleth Power Pole,68500
Seleth Revolvers,68500
Seleth Sacramentum,68500
Seleth Serenaca,68500
Seleth Shamshir,68500
Seleth Shortsword,68500
Seleth Slayer,68500
Seleth Staff,68500
Seleth Swallowtail Fan,68500
Serap's Necklace,11000000
Serpi Shotgun,24200
Shard of the Drained Night,16800000
Shard of the Furious Night,6150000
Shard of the Tearful Night,17100000
Sharos Ra'ghon,24200
Sharp Black Crystal Shard,5750000
Sheep Blood,13600
Sheep Hide,2060
Shelled Seed,58000
Shining Gold Topaz Earrings,322000
Shining Gold Topaz Necklace,1370000
Shining Gold Topaz Ring,284000
Shining Powder,40000
Shiny Seed,63000
Ship Repair Kit,373000
Ship Repair Material,8100
Shrimp,18700
Shrine Guardian Token,830000
Sicil's Necklace,6850000
Silent Crystal of Origin,7000000000
Silent Fragment of Origin,140000000
Silk,16300
Silk Honey Grass,387
Silk Honey Grass Seed,13400
Silk Thread,13300
Silkworm Cocoon,985
Silver Azalea,354
Silver Azalea Seed,2230
Silver Embroidered Farmer's Clothes,1360000
Silver Embroidered Trader's Clothes,1300000
Silver Ingot,259000
Silver Ore,15900
Single-brewed Mesima Tea,2890
Sinner's Blood,12600
Sky Blue Flower,31200
Sky Mushroom,735
Sky Mushroom Hypha,4910
Sledgehammer of Fission,71500
Sledgehammer of Fusion,7800000
Small Tree Spirit's Kamasylven Sword,71500
Small White Seed,32400
Snake Meat,37300
Snake Skin,1220
Snow Leopard Hide,855
Snowfield Cedar Plank,23300
Snowfield Cedar Plywood,94000
Snowfield Cedar Sap,37300
Snowfield Cedar Timber,5600
Soft Ferri Feather,1340
Soft Hide,9450
Soft Kuku Bird Plume,2800
Soft Whale Meat,40400
Solaris Patraca,71500
Sonan Sah Chakram,71500
Soy Sauce,23300
Soybean Paste,5400
Special Acacia Seed,345000
Special Amanita Mushroom,56000
Special Amanita Mushroom Hypha,361000
Special Ancient Mushroom,51500
Special Ancient Mushroom Hypha,380000
Special Arrow Mushroom,36500
Special Arrow Mushroom Hypha,234000
Special Barley,37300
Special Barley Seed,173000
Special Bluffer Mushroom,45900
Special Bluffer Mushroom Hypha,352000
Special Bouquet Mushroom,37000
Special Bouquet Mushroom Hypha,298000
Special Carrot Seed,207000
Special Chanterelle,64500
Special Chanterelle Hypha,318000
Special Chicken Feed,775000
Special Citron,43500
Special Citron Seed,335000
Special Cloud Mushroom,34600
Special Cloud Mushroom Hypha,373000
Special Corn,37300
Special Corn Seed,220000
Special Dalvenia Alrea,28400
Special Dalvenia Alrea Seed,80000
Special Delotia,43900
Special Delotia Seed,99500
Special Dictyophora,59500
Special Dictyophora Hypha,343000
Special Dry Mane Grass,37300
Special Dry Mane Grass Seed,34500
Special Dwarf Mushroom,33700
Special Dwarf Mushroom Hypha,356000
Special Emperor Mushroom,34400
Special Emperor Mushroom Hypha,328000
Special Fire Flake Flower,37300
Special Fire Flake Flower Seed,43200
Special Fog Mushroom,39400
Special Fog Mushroom Hypha,356000
Special Fortune Teller Mushroom,37300
Special Fortune Teller Mushroom Hypha,343000
Special Garlic,28800
Special Garlic Seed,132000
Special Ghost Mushroom,34600
Special Ghost Mushroom Hypha,380000
Special Grape,38600
Special Grape Seed,319000
Special Haystack,182000
Special Hot Pepper,37600
Special Hot Pepper Seed,280000
Special Hump Mushroom,31800
Special Hump Mushroom Hypha,380000
Special Leccinum,35900
Special Leccinum Hypha,213000
Special Mesima,62500
Special Mesima Hypha,304000
Special Napa Cabbage,45600
Special Napa Cabbage Seed,298000
Special Nolina,34300
Special Nolina Seed,245000
Special Olive,38700
Special Olive Seed,205000
Special Onion,41900
Special Onion Seed,276000
Special Paprika,39500
Special Paprika Seed,307000
Special Penestraria,34600
Special Penestraria Seed,189000
Special Pepper,39500
Special Pepper Seed,162000
Special Perilla,39100
Special Perilla Seed,240000
Special Pie Mushroom,40900
Special Pie Mushroom Hypha,217000
Special Potato,33200
Special Pumpkin,39500
Special Pumpkin Seed,210000
Special Purple Mushroom,44300
Special Purple Mushroom Hypha,74500
Special Radish,41900
Special Radish Seed,248000
Special Red-spotted Amanita,53000
Special Red-spotted Amanita Hypha,343000
Special Rice,30300
Special Rice Seed,42900
Special Seed Potato,48100
Special Seed Sweet Potato,76000
Special Silk Honey Grass,37300
Special Silk Honey Grass Seed,80500
Special Silver Azalea,37300
Special Silver Azalea Seed,38700
Special Sky Mushroom,32200
Special Sky Mushroom Hypha,361000
Special Strawberry,40200
Special Strawberry Seed,266000
Special Sunflower,43200
Special Sunflower Seed,183000
Special Sunrise Herb,33700
Special Sunrise Herb Seed,32900
Special Sweet Potato,31000
Special Tiger Mushroom,37300
Special Tiger Mushroom Hypha,326000
Special Tomato,30300
Special Tomato Seed,296000
Special Wheat,30700
Special Wheat Seed,181000
Spirit's Leaf,7300
Srulk Sailor's Clothes,7150000
Standardized Timber Square,149000
Star Anise,765
Star Anise Mushroom,1010
Star Diamond,815000
Star Diamond Necklace,159000
Starlit Jade's Breath,2370000
Starlit Soul Tome,71500
Starry Night Diamond Necklace,1370000
Steel,46900
Steel Dagger,21100
Steel Taritas Armor,286000
Steel Taritas Gloves,195000
Steel Taritas Helmet,247000
Steel Taritas Shoes,208000
Sticky Liquid,8400
Strawberry,545
Strawberry Seed,1470
Sturdy Acacia Plywood,595000
Sturdy Ash Plywood,268000
Sturdy Birch Plywood,590000
Sturdy Caphras Tree Plywood,970000
Sturdy Cedar Plywood,387000
Sturdy Elder Tree Plywood,885000
Sturdy Fir Plywood,372000
Sturdy Forest Tread,28000000
Sturdy Loopy Tree Plywood,1220000
Sturdy Maple Plywood,515000
Sturdy Moss Tree Plywood,805000
Sturdy Palm Plywood,381000
Sturdy Pine Plywood,865000
Sturdy Snowfield Cedar Plywood,481000
Sturdy Thornwood Plywood,790000
Sturdy Thuja Plywood,830000
Sturdy Timber Square,1070000
Sturdy White Cedar Plywood,855000
Styd Amulet,19500
Styd Axe,19500
Styd Battle Axe,19500
Styd Blade,19500
Styd Crescent Pendulum,19500
Styd Crossbow,19500
Styd Florang,19500
Styd Foxspirit Charm,19500
Styd Gauntlet,19500
Styd Hammers,19500
Styd Hwando,19500
Styd Kriegsmesser,19500
Styd Kyve,19500
Styd Longbow,19500
Styd Longsword,19500
Styd Morning Star,19500
Styd Power Pole,19500
Styd Revolvers,19500
Styd Sacramentum,19500
Styd Serenaca,19500
Styd Shamshir,19500
Styd Shortsword,19500
Styd Slayer,19500
Styd Staff,19500
Styd Swallowtail Fan,19500
Sulfur,3560
Sundo Kerispear,71500
Sunflower,3350
Sunflower Seed,1980
Sunrise Herb,218
Sunrise Herb Seed,1940
Sunset Dyed Wool,233000
Supreme Bear Hide,402000
Supreme Boar Hide,135000
Supreme Fancy Feather,1300000
Supreme Fancy Reptile Skin,62000
Supreme Hard Hide,1400000
Supreme Hawk Hide,299000
Supreme Lightweight Plume,274000
Supreme Soft Hide,1400000
Supreme Thick Fur,65500
Supreme Thin Hide,1380000
Supreme Tiger Hide,466000
Supreme Tough Hide,126000
Sweet Potato,2500
Sweet Potato Dough,4190
Sweet Potato Flour,4190
Sycraia Shard,46600000
Tadd Kunai,24200
Tadd Shuriken,24200
Taebaek's Belt,229000000
Talis Armor,48000
Talis Belt,116000
Talis Earring,86500
Talis Gloves,32500
Talis Helmet,35000
Talis Necklace,155000
Talis Ring,91000
Talis Shoes,24200
Taritas Armor,31600
Taritas Gloves,21300
Taritas Helmet,26600
Taritas Shoes,21100
Tati Godr Sphera,71500
Tear of the Great Ocean,101000
Teff,206
Teff Flour,2540
Teff Flour Dough,4190
Tempest Sura Katana,71500
Theos Ornamental Knot,24200
Theos Vitclari,24200
Thick Fur,6450
Thick Turo Blood,3010000
Thin Hide,27500
Thorn Tree Vediant,71500
Thornwood Plank,13700
Thornwood Plywood,48800
Thornwood Sap,19600
Thornwood Timber,2030
Thuja Plank,5000
Thuja Plywood,43900
Thuja Sap,28000
Thuja Timber,1980
Tiger Blood,20200
Tiger Hide,1030
Tiger Meat,18500
Tiger Mushroom,615
Tiger Mushroom Hypha,21300
Tigerflower,1490
Tin Ingot,128000
Tin Ore,6250
Titanium Ingot,127000
Titanium Ore,9250
Token of Friendship,12700000
Tomato,2810
Tomato Seed,1550
Top-quality Cooking Honey,373000
Topaz,14900
Topaz Earrings,8000
Topaz Earrings of Regeneration,2450000
Topaz Necklace,35900
Topaz Necklace of Regeneration,2740000
Topaz Ring,5850
Topaz Ring of Regeneration,1070000
Tough Flax Fabric,326000
Tough Hide,21300
Toxic Watermelon,6650
Trace of Nature,249000
Translucent Crystal,32000
Translucent Ice,86500
Translucent Ocean Sapphire Earring,318000
Translucent Ocean Sapphire Necklace,885000
Tree Spirit Belt,3680000
Tridana Giant Clam Shellfish,177000
Troll Blood,24700
Truffle Mushroom,187000
Truffle Mushroom Hypha,18700000
Tulip,9350
Tungrad Belt,46700000
Tungrad Earring,40600000
Tungrad Necklace,43900000
Tungrad Ring,102000000
Turo Heart,13100000
Turo's Belt,81500000
Twice-brewed Mesima Tea,2770
Twilight Red Coral,1920000
Twilight Red Coral Belt,2320000
Tyrant's Blood,149000
Ultimate Armor Reform Stone,15600000
Ultimate Styd Amulet,79000
Ultimate Styd Axe,79000
Ultimate Styd Battle Axe,79000
Ultimate Styd Blade,79000
Ultimate Styd Crescent Pendulum,79000
Ultimate Styd Crossbow,79000
Ultimate Styd Florang,79000
Ultimate Styd Foxspirit Charm,79000
Ultimate Styd Gauntlet,79000
Ultimate Styd Hammers,79000
Ultimate Styd Hwando,79000
Ultimate Styd Kriegsmesser,79000
Ultimate Styd Kyve,79000
Ultimate Styd Longbow,79000
Ultimate Styd Longsword,79000
Ultimate Styd Morning Star,79000
Ultimate Styd Power Pole,79000
Ultimate Styd Sacramentum,79000
Ultimate Styd Serenaca,79000
Ultimate Styd Shamshir,79000
Ultimate Styd Shortsword,79000
Ultimate Styd Slayer,79000
Ultimate Styd Staff,79000
Ultimate Styd Swallowtail Fan,79000
Ultimate Weapon Reform Stone,10900000
Unknown Seed,16200000
Upgraded Iron Buster,7800000
Urugon's Shoes,286000000
Usable Scantling,46600
Vaha's Dawn,71000000
Valtarra Eclipsed Belt,11900000
Vanadium Ingot,114000
Vanadium Ore,9350
Vangertz Shield,18000
Vedelona,3620
Vell's Concentrated Magic,14900000000
Vell's Fine Powder,2230000
Vient Shotgun,21100
Vigiliae Clavis,21100
Vinegar,445
Viola,805
Violet Crystal,7700
Violet Flower,32600
Violet Primordial Luster - Edana,108000000
Violet Primordial Luster - Sovereign,305000000
Volcanic Umbrella Mushroom,28000
Vourethan Shard,21100
Waragon Blood,24700
Waragon Hide,1230
Waragon Meat,21700
Warm Seed,650000
Weasel Blood,23300
Weasel Hide,6900
Weasel Meat,16100
Weeds,9350
Wheat,2590
Wheat Dough,4190
Wheat Flour,4190
Wheat Seed,2780
White Cedar Plank,13800
White Cedar Plywood,52500
White Cedar Sap,18300
White Cedar Timber,2770
White Coral,535000
White Coral Belt,107000
White Flower Mushroom,470
White Horn Bow,21100
White Sauce,4160
White Truffle Mushroom,14000000
White Umbrella Mushroom,470
White Warrior Horn Bow,24200
Wild Beehive,93500
Wild Berry,474
Wild Grass,9700
Wise Man's Blood,135000
Witch's Earring,5750000
Withered Acacia Seed,419
Withered Grape Seed,376
Withered Sunrise Herb Seed,441
Withered Wheat Seed,127
Wolf Blood,15900
Wolf Hide,710
Wolf Meat,17600
Wool,30400
Worm Blood,19400
Worm Hide,28000
Worm Meat,17600
Yagakmu Sura Katana,7800000
Yak Blood,22000
Yak Hide,21700
Yak Meat,17500
Yellow Flower,10200
Youngji Mushroom,28000
Yuria Amulet,236000
Yuria Axe,236000
Yuria Battle Axe,236000
Yuria Belt,131000
Yuria Blade,236000
Yuria Crescent Pendulum,236000
Yuria Crossbow,236000
Yuria Earring,99500
Yuria Florang,236000
Yuria Foxspirit Charm,236000
Yuria Gauntlet,236000
Yuria Hammers,236000
Yuria Hwando,236000
Yuria Kriegsmesser,236000
Yuria Kyve,236000
Yuria Longbow,236000
Yuria Longsword,236000
Yuria Morning Star,236000
Yuria Necklace,151000
Yuria Power Pole,236000
Yuria Revolvers,236000
Yuria Ring,91000
Yuria Sacramentum,236000
Yuria Serenaca,236000
Yuria Shamshir,236000
Yuria Shortsword,236000
Yuria Slayer,236000
Yuria Staff,236000
Yuria Swallowtail Fan,236000
Zereth Armor,68500
Zereth Gloves,44700
Zereth Helmet,69000
Zereth Shoes,41900
Zinc Ingot,102000
Zinc Ore,6250
